number,audio_name
1,1201939536_1620493979.wav
1,1201939536_1620494103.wav
1,1201939536_1620494251.wav
1,1201939536_1620494498.wav
1,1201939536_1620494704.ogg
1,1201939536_1620494784.wav
1,1201939536_1620496087.wav
1,1201939536_1620504305.wav
1,1201939536_1620504728.wav
1,1201939536_1620523113.wav
1,1201939536_1620523928.wav
1,1201939536_1620524594.wav
1,1201939536_1620524702.wav
1,1201939536_1620529137.wav
1,839807830_1620531279.wav
1,1201939536_1620532085.wav
1,1201939536_1620532977.wav
